{
    "A": [
        198.40234375,
        333.55859375
    ],
    "S": [
        247.69921875,
        312.5234375
    ],
    "D": [
        285.54296875,
        291.82421875
    ],
    "F": [
        328.8125,
        330.04296875
    ],
    "J": [
        508.05078125,
        326.63671875
    ],
    "K": [
        551.828125,
        292.48046875
    ],
    "L": [
        594.36328125,
        311.57421875
    ],
    ";": [
        638.5234375,
        329.9765625
    ]
}